{
    "Bay Area - job - DS/MLE/DE": 1032.03228454216,
    "Seattle - internship - software engineer": 1031.9661669788793,
    "San Diego County - internship - ee/meche/bioe": 969.4373474935185,
    "San Diego County - job - data analyst": 984.0,
    "Bay Area - job - ee/meche/bioe": 1000,
    "Orange County - internship - data analyst": 984.8008039022748,
    "Seattle - job - service": 984.0,
    "Bay Area - internship - data analyst": 968.736306793522,
    "Orange County - job - data analyst": 968.7991052860298,
    "Orange County - internship - ee/meche/bioe": 984.7701398146427,
    "Seattle - job - software engineer": 1000,
    "San Diego County - internship - DS/MLE/DE": 1017.4358728782763,
    "Orange County - job - DS/MLE/DE": 1016.0,
    "Los Angeles - internship - software engineer": 984.0,
    "New York City - job - service": 982.5947439013255,
    "Los Angeles - job - service": 1000,
    "Orange County - internship - DS/MLE/DE": 1016.06625761098,
    "Bay Area - job - data analyst": 1043.19763975723,
    "New York City - internship - DS/MLE/DE": 1000,
    "New York City - internship - software engineer": 1013.1574482106641,
    "Los Angeles - job - data analyst": 954.108950864224,
    "San Diego County - job - service": 968.0338330211207,
    "Bay Area - internship - DS/MLE/DE": 958.1952466021806,
    "San Diego County - job - ee/meche/bioe": 984.0969245501834,
    "Seattle - job - ee/meche/bioe": 1031.263693206478,
    "Bay Area - job - service": 969.4343273446879,
    "San Diego County - job - software engineer": 1030.4984275414456,
    "Bay Area - internship - ee/meche/bioe": 1028.0541715284053,
    "Los Angeles - internship - DS/MLE/DE": 1031.2328985516392,
    "New York City - internship - ee/meche/bioe": 984.7024671725246,
    "Seattle - job - data analyst": 1016.0,
    "New York City - job - data analyst": 984.7024671725246,
    "San Diego County - internship - software engineer": 1016.0339081301692,
    "Bay Area - internship - software engineer": 1014.5289414917933,
    "Los Angeles - job - software engineer": 984.0,
    "New York City - job - DS/MLE/DE": 1043.7320349993536,
    "Los Angeles - job - ee/meche/bioe": 984.736306793522,
    "Orange County - job - software engineer": 1000,
    "Los Angeles - job - DS/MLE/DE": 1032.6096823959615,
    "Seattle - internship - DS/MLE/DE": 1030.5612260339533,
    "Seattle - job - DS/MLE/DE": 1016.0,
    "Seattle - internship - data analyst": 999.263693206478,
    "New York City - job - software engineer": 1000,
    "San Diego County - internship - data analyst": 971.4187334679798,
    "San Diego County - job - DS/MLE/DE": 1018.0343116972263,
    "Bay Area - job - software engineer": 1046.4412307401753,
    "Seattle - internship - ee/meche/bioe": 1013.8278203282016,
    "New York City - internship - data analyst": 1015.3929469770242,
    "Los Angeles - internship - ee/meche/bioe": 968.0,
    "Orange County - internship - software engineer": 1026.3805789725513,
    "Orange County - job - service": 942.3396110001192,
    "Orange County - job - ee/meche/bioe": 984.5816444057361,
    "New York City - job - ee/meche/bioe": 1000,
    "Los Angeles - internship - data analyst": 970.7998046348378
}