{
    "Bay Area - job - DS/MLE/DE": 1061.1228479912213,
    "Seattle - internship - software engineer": 1091.386493203115,
    "San Diego County - internship - ee/meche/bioe": 938.182804777235,
    "San Diego County - job - data analyst": 970.8636345883201,
    "Bay Area - job - ee/meche/bioe": 895.8943573213083,
    "Orange County - internship - data analyst": 989.259028468811,
    "Seattle - job - service": 934.4843922269051,
    "Bay Area - internship - data analyst": 971.3792308288816,
    "Orange County - job - data analyst": 1003.3287241484485,
    "Orange County - internship - ee/meche/bioe": 961.4775312940889,
    "Seattle - job - software engineer": 1093.2503279784332,
    "San Diego County - internship - DS/MLE/DE": 1037.3842679134646,
    "Orange County - job - DS/MLE/DE": 1067.58950002479,
    "Los Angeles - internship - software engineer": 977.835906280085,
    "New York City - job - service": 878.096913312546,
    "Los Angeles - job - service": 873.2570756361348,
    "Orange County - internship - DS/MLE/DE": 1090.459459311226,
    "Bay Area - job - data analyst": 1056.276270891594,
    "New York City - internship - DS/MLE/DE": 1068.7082724931681,
    "New York City - internship - software engineer": 1042.755756774961,
    "Los Angeles - job - data analyst": 987.3451793207314,
    "San Diego County - job - service": 968.7033387170585,
    "Bay Area - internship - DS/MLE/DE": 1036.6443857401582,
    "San Diego County - job - ee/meche/bioe": 928.8875569652539,
    "Seattle - job - ee/meche/bioe": 1012.8461850624926,
    "Bay Area - job - service": 805.4694892004184,
    "San Diego County - job - software engineer": 979.1275636443307,
    "Bay Area - internship - ee/meche/bioe": 998.302259264299,
    "Los Angeles - internship - DS/MLE/DE": 1026.2144748863705,
    "New York City - internship - ee/meche/bioe": 971.25706116102,
    "Seattle - job - data analyst": 1087.6866660138082,
    "New York City - job - data analyst": 949.4987463916323,
    "San Diego County - internship - software engineer": 989.0605574017832,
    "Bay Area - internship - software engineer": 1003.6809416225609,
    "Los Angeles - job - software engineer": 986.0965512227513,
    "New York City - job - DS/MLE/DE": 1054.8181467200936,
    "Los Angeles - job - ee/meche/bioe": 925.4506465130303,
    "Orange County - job - software engineer": 1016.4572733424268,
    "Los Angeles - job - DS/MLE/DE": 1039.4650478204517,
    "Seattle - internship - DS/MLE/DE": 1103.6874077988139,
    "Seattle - job - DS/MLE/DE": 1156.2464499892783,
    "Seattle - internship - data analyst": 1046.4175886795051,
    "New York City - job - software engineer": 1003.5204047039139,
    "San Diego County - internship - data analyst": 1008.2853370908757,
    "San Diego County - job - DS/MLE/DE": 1047.0883434092634,
    "Bay Area - job - software engineer": 1000.2076764475731,
    "Seattle - internship - ee/meche/bioe": 1006.4698464541083,
    "New York City - internship - data analyst": 1091.1383323896093,
    "Los Angeles - internship - ee/meche/bioe": 929.0393569906772,
    "Orange County - internship - software engineer": 1049.3967162736374,
    "Orange County - job - service": 924.3967485929963,
    "Orange County - job - ee/meche/bioe": 946.535113239136,
    "New York City - job - ee/meche/bioe": 969.3293683917005,
    "Los Angeles - internship - data analyst": 948.236443073503
}