{
    "Bay Area - job - DS/MLE/DE": 1124.759348177394,
    "Seattle - internship - software engineer": 1106.6093806749195,
    "San Diego County - internship - ee/meche/bioe": 938.1222903212857,
    "San Diego County - job - data analyst": 955.0713740022892,
    "Bay Area - job - ee/meche/bioe": 927.8609977407843,
    "Orange County - internship - data analyst": 989.349468210352,
    "Seattle - job - service": 934.5891381209291,
    "Bay Area - internship - data analyst": 1019.7963578182338,
    "Orange County - job - data analyst": 987.2443395841269,
    "Orange County - internship - ee/meche/bioe": 961.4775312940889,
    "Seattle - job - software engineer": 1124.9239261442385,
    "San Diego County - internship - DS/MLE/DE": 1036.8379159718472,
    "Orange County - job - DS/MLE/DE": 1051.798776943681,
    "Los Angeles - internship - software engineer": 946.0156836212653,
    "New York City - job - service": 893.0247071177419,
    "Los Angeles - job - service": 869.7430534285824,
    "Orange County - internship - DS/MLE/DE": 1042.354445314085,
    "Bay Area - job - data analyst": 944.6013576046823,
    "New York City - internship - DS/MLE/DE": 1101.008974629463,
    "New York City - internship - software engineer": 1042.755756774961,
    "Los Angeles - job - data analyst": 971.3365289516294,
    "San Diego County - job - service": 952.7704990429999,
    "Bay Area - internship - DS/MLE/DE": 1052.9657357663673,
    "San Diego County - job - ee/meche/bioe": 897.0375428611617,
    "Seattle - job - ee/meche/bioe": 1012.6333859341767,
    "Bay Area - job - service": 778.1487553763654,
    "San Diego County - job - software engineer": 1010.6023082526872,
    "Bay Area - internship - ee/meche/bioe": 950.7824923061332,
    "Los Angeles - internship - DS/MLE/DE": 1042.1333020363084,
    "New York City - internship - ee/meche/bioe": 971.25706116102,
    "Seattle - job - data analyst": 1087.4851010619614,
    "New York City - job - data analyst": 949.2627016958592,
    "San Diego County - internship - software engineer": 1005.0696973311956,
    "Bay Area - internship - software engineer": 1004.0015301964846,
    "Los Angeles - job - software engineer": 969.5904393221167,
    "New York City - job - DS/MLE/DE": 1040.0042293303957,
    "Los Angeles - job - ee/meche/bioe": 909.6159068607799,
    "Orange County - job - software engineer": 1048.3843076440667,
    "Los Angeles - job - DS/MLE/DE": 991.167152741585,
    "Seattle - internship - DS/MLE/DE": 1134.6256657500821,
    "Seattle - job - DS/MLE/DE": 1169.998467261544,
    "Seattle - internship - data analyst": 1046.4175886795051,
    "New York City - job - software engineer": 1035.2635696353618,
    "San Diego County - internship - data analyst": 1040.4437201273465,
    "San Diego County - job - DS/MLE/DE": 1031.985802896627,
    "Bay Area - job - software engineer": 1048.2314171756407,
    "Seattle - internship - ee/meche/bioe": 1006.2472974114556,
    "New York City - internship - data analyst": 1061.6766329219843,
    "Los Angeles - internship - ee/meche/bioe": 944.8740966429276,
    "Orange County - internship - software engineer": 1049.5894244023511,
    "Orange County - job - service": 908.286951289655,
    "Orange County - job - ee/meche/bioe": 946.535113239136,
    "New York City - job - ee/meche/bioe": 953.0975237717353,
    "Los Angeles - internship - data analyst": 980.5332274264035
}