{
    "Bay Area - job - DS/MLE/DE": 1116.681360237145,
    "Seattle - internship - software engineer": 1042.1043796733036,
    "San Diego County - internship - ee/meche/bioe": 953.9561614248026,
    "San Diego County - job - data analyst": 922.592580126751,
    "Bay Area - job - ee/meche/bioe": 944.2327806233318,
    "Orange County - internship - data analyst": 1021.1813389509329,
    "Seattle - job - service": 887.9908328501998,
    "Bay Area - internship - data analyst": 971.6804735099106,
    "Orange County - job - data analyst": 1019.244949953388,
    "Orange County - internship - ee/meche/bioe": 961.4775312940889,
    "Seattle - job - software engineer": 1116.9129280147836,
    "San Diego County - internship - DS/MLE/DE": 1020.5365815621581,
    "Orange County - job - DS/MLE/DE": 1115.3138676112565,
    "Los Angeles - internship - software engineer": 946.0156836212653,
    "New York City - job - service": 877.9099876282071,
    "Los Angeles - job - service": 853.8372443524771,
    "Orange County - internship - DS/MLE/DE": 1042.354445314085,
    "Bay Area - job - data analyst": 944.6013576046823,
    "New York City - internship - DS/MLE/DE": 1116.8041913907803,
    "New York City - internship - software engineer": 1042.755756774961,
    "Los Angeles - job - data analyst": 971.2705639196395,
    "San Diego County - job - service": 887.6942160574581,
    "Bay Area - internship - DS/MLE/DE": 1053.5785729638353,
    "San Diego County - job - ee/meche/bioe": 944.5581693817167,
    "Seattle - job - ee/meche/bioe": 1012.6333859341767,
    "Bay Area - job - service": 778.1487553763654,
    "San Diego County - job - software engineer": 994.4017630949003,
    "Bay Area - internship - ee/meche/bioe": 950.3630417916393,
    "Los Angeles - internship - DS/MLE/DE": 1042.1333020363084,
    "New York City - internship - ee/meche/bioe": 1019.0237591350867,
    "Seattle - job - data analyst": 1119.7392186646532,
    "New York City - job - data analyst": 965.3326901935334,
    "San Diego County - internship - software engineer": 988.9709313063362,
    "Bay Area - internship - software engineer": 1004.0904917953902,
    "Los Angeles - job - software engineer": 969.6002289405023,
    "New York City - job - DS/MLE/DE": 1055.84288437133,
    "Los Angeles - job - ee/meche/bioe": 942.005380790237,
    "Orange County - job - software engineer": 1081.154051023223,
    "Los Angeles - job - DS/MLE/DE": 975.3299703389811,
    "Seattle - internship - DS/MLE/DE": 1124.2297505046024,
    "Seattle - job - DS/MLE/DE": 1243.9954715014821,
    "Seattle - internship - data analyst": 1030.5133452765529,
    "New York City - job - software engineer": 1019.4606487523905,
    "San Diego County - internship - data analyst": 1024.3435527057802,
    "San Diego County - job - DS/MLE/DE": 1048.186450377775,
    "Bay Area - job - software engineer": 1032.1976402007788,
    "Seattle - internship - ee/meche/bioe": 1038.3041403113148,
    "New York City - internship - data analyst": 1045.8021006098159,
    "Los Angeles - internship - ee/meche/bioe": 960.5028234419257,
    "Orange County - internship - software engineer": 1017.6289560058992,
    "Orange County - job - service": 860.4189567877166,
    "Orange County - job - ee/meche/bioe": 962.7272183233365,
    "New York City - job - ee/meche/bioe": 952.779716191741,
    "Los Angeles - internship - data analyst": 964.8534193750659
}