{
    "Bay Area - job - DS/MLE/DE": 1032.03228454216,
    "Seattle - internship - software engineer": 1077.351943016379,
    "San Diego County - internship - ee/meche/bioe": 970.3848746384741,
    "San Diego County - job - data analyst": 970.7651697100298,
    "Bay Area - job - ee/meche/bioe": 944.0373446138192,
    "Orange County - internship - data analyst": 1003.0178621036489,
    "Seattle - job - service": 971.1452248453813,
    "Bay Area - internship - data analyst": 1003.2979510911008,
    "Orange County - job - data analyst": 1003.4733860919345,
    "Orange County - internship - ee/meche/bioe": 957.6132544124029,
    "Seattle - job - software engineer": 1033.3714581364152,
    "San Diego County - internship - DS/MLE/DE": 1042.871613786737,
    "Orange County - job - DS/MLE/DE": 1069.864954807388,
    "Los Angeles - internship - software engineer": 969.5350428894698,
    "New York City - job - service": 942.6865466327733,
    "Los Angeles - job - service": 985.7715546727773,
    "Orange County - internship - DS/MLE/DE": 1030.3749643063559,
    "Bay Area - job - data analyst": 1058.7271399650126,
    "New York City - internship - DS/MLE/DE": 1068.7082724931681,
    "New York City - internship - software engineer": 1058.8937548425704,
    "Los Angeles - job - data analyst": 936.2788093534729,
    "San Diego County - job - service": 952.7027198241683,
    "Bay Area - internship - DS/MLE/DE": 1004.8296961369297,
    "San Diego County - job - ee/meche/bioe": 942.8492526048992,
    "Seattle - job - ee/meche/bioe": 1044.7413223192332,
    "Bay Area - job - service": 955.3784222988493,
    "San Diego County - job - software engineer": 1010.734210087894,
    "Bay Area - internship - ee/meche/bioe": 984.4159893765237,
    "Los Angeles - internship - DS/MLE/DE": 1044.4388919842474,
    "New York City - internship - ee/meche/bioe": 973.4949173394155,
    "Seattle - job - data analyst": 1055.8956515494126,
    "New York City - job - data analyst": 928.2365258607924,
    "San Diego County - internship - software engineer": 1016.0339081301692,
    "Bay Area - internship - software engineer": 987.592996269415,
    "Los Angeles - job - software engineer": 984.0,
    "New York City - job - DS/MLE/DE": 1070.7740924958464,
    "Los Angeles - job - ee/meche/bioe": 953.4856368905197,
    "Orange County - job - software engineer": 985.8492049764112,
    "Los Angeles - job - DS/MLE/DE": 1028.337368731696,
    "Seattle - internship - DS/MLE/DE": 1030.5612260339533,
    "Seattle - job - DS/MLE/DE": 1107.7336782285033,
    "Seattle - internship - data analyst": 1014.6789492040058,
    "New York City - job - software engineer": 1000,
    "San Diego County - internship - data analyst": 962.1814203356682,
    "San Diego County - job - DS/MLE/DE": 1063.1883667900438,
    "Bay Area - job - software engineer": 1014.0021953653752,
    "Seattle - internship - ee/meche/bioe": 1024.1470383893375,
    "New York City - internship - data analyst": 1068.6891797013175,
    "Los Angeles - internship - ee/meche/bioe": 924.6800444962751,
    "Orange County - internship - software engineer": 1052.8556343392286,
    "Orange County - job - service": 878.9817207195099,
    "Orange County - job - ee/meche/bioe": 940.013937706227,
    "New York City - job - ee/meche/bioe": 953.559870817081,
    "Los Angeles - internship - data analyst": 910.73252404558
}