{
    "Bay Area - job - DS/MLE/DE": 1100.872771345126,
    "Seattle - internship - software engineer": 1106.6093806749195,
    "San Diego County - internship - ee/meche/bioe": 953.9561614248026,
    "San Diego County - job - data analyst": 955.0713740022892,
    "Bay Area - job - ee/meche/bioe": 912.1748406759573,
    "Orange County - internship - data analyst": 1021.1813389509329,
    "Seattle - job - service": 902.5987810148584,
    "Bay Area - internship - data analyst": 987.7315246170948,
    "Orange County - job - data analyst": 1003.2725118993582,
    "Orange County - internship - ee/meche/bioe": 961.4775312940889,
    "Seattle - job - software engineer": 1101.1311915404042,
    "San Diego County - internship - DS/MLE/DE": 1020.5365815621581,
    "Orange County - job - DS/MLE/DE": 1067.782373187658,
    "Los Angeles - internship - software engineer": 946.0156836212653,
    "New York City - job - service": 893.0247071177419,
    "Los Angeles - job - service": 869.7430534285824,
    "Orange County - internship - DS/MLE/DE": 1042.354445314085,
    "Bay Area - job - data analyst": 944.6013576046823,
    "New York City - internship - DS/MLE/DE": 1101.008974629463,
    "New York City - internship - software engineer": 1042.755756774961,
    "Los Angeles - job - data analyst": 939.3818746141319,
    "San Diego County - job - service": 952.7704990429999,
    "Bay Area - internship - DS/MLE/DE": 1052.9657357663673,
    "San Diego County - job - ee/meche/bioe": 897.0375428611617,
    "Seattle - job - ee/meche/bioe": 1012.6333859341767,
    "Bay Area - job - service": 778.1487553763654,
    "San Diego County - job - software engineer": 1010.6023082526872,
    "Bay Area - internship - ee/meche/bioe": 950.3630417916393,
    "Los Angeles - internship - DS/MLE/DE": 1042.1333020363084,
    "New York City - internship - ee/meche/bioe": 954.7488505948704,
    "Seattle - job - data analyst": 1087.4851010619614,
    "New York City - job - data analyst": 965.3326901935334,
    "San Diego County - internship - software engineer": 1005.0696973311956,
    "Bay Area - internship - software engineer": 1019.9766930745619,
    "Los Angeles - job - software engineer": 969.5904393221167,
    "New York City - job - DS/MLE/DE": 1055.785927431022,
    "Los Angeles - job - ee/meche/bioe": 909.6159068607799,
    "Orange County - job - software engineer": 1080.383044060466,
    "Los Angeles - job - DS/MLE/DE": 991.5533902481503,
    "Seattle - internship - DS/MLE/DE": 1108.3079729462463,
    "Seattle - job - DS/MLE/DE": 1243.9954715014821,
    "Seattle - internship - data analyst": 1030.5133452765529,
    "New York City - job - software engineer": 1035.321939705577,
    "San Diego County - internship - data analyst": 1040.4437201273465,
    "San Diego County - job - DS/MLE/DE": 1048.1457431720703,
    "Bay Area - job - software engineer": 1080.2757173059103,
    "Seattle - internship - ee/meche/bioe": 1006.2472974114556,
    "New York City - internship - data analyst": 1045.8021006098159,
    "Los Angeles - internship - ee/meche/bioe": 944.8740966429276,
    "Orange County - internship - software engineer": 1017.6289560058992,
    "Orange County - job - service": 908.286951289655,
    "Orange County - job - ee/meche/bioe": 962.7272183233365,
    "New York City - job - ee/meche/bioe": 953.0975237717353,
    "Los Angeles - internship - data analyst": 964.8534193750659
}