{
    "Bay Area - job - DS/MLE/DE": 1045.2566880834784,
    "Seattle - internship - software engineer": 1105.9167231899567,
    "San Diego County - internship - ee/meche/bioe": 954.345738518188,
    "San Diego County - job - data analyst": 970.7651697100298,
    "Bay Area - job - ee/meche/bioe": 944.0373446138192,
    "Orange County - internship - data analyst": 1020.9163848121647,
    "Seattle - job - service": 918.3626584020989,
    "Bay Area - internship - data analyst": 971.3683275342387,
    "Orange County - job - data analyst": 1003.4733860919345,
    "Orange County - internship - ee/meche/bioe": 945.5470556175508,
    "Seattle - job - software engineer": 1061.2624298842684,
    "San Diego County - internship - DS/MLE/DE": 1053.304727086073,
    "Orange County - job - DS/MLE/DE": 1067.58950002479,
    "Los Angeles - internship - software engineer": 978.0338381272493,
    "New York City - job - service": 915.9782242867194,
    "Los Angeles - job - service": 968.6868551923069,
    "Orange County - internship - DS/MLE/DE": 1042.3614590537507,
    "Bay Area - job - data analyst": 1072.1598537307254,
    "New York City - internship - DS/MLE/DE": 1068.7082724931681,
    "New York City - internship - software engineer": 1042.7239397090455,
    "Los Angeles - job - data analyst": 955.3274361374728,
    "San Diego County - job - service": 952.7027198241683,
    "Bay Area - internship - DS/MLE/DE": 1004.8296961369297,
    "San Diego County - job - ee/meche/bioe": 912.9090334365029,
    "Seattle - job - ee/meche/bioe": 1028.766478682046,
    "Bay Area - job - service": 860.1914476324653,
    "San Diego County - job - software engineer": 978.7888787490666,
    "Bay Area - internship - ee/meche/bioe": 998.302259264299,
    "Los Angeles - internship - DS/MLE/DE": 1026.5403692757318,
    "New York City - internship - ee/meche/bioe": 971.2727712239017,
    "Seattle - job - data analyst": 1071.7307202380555,
    "New York City - job - data analyst": 965.6190186076068,
    "San Diego County - internship - software engineer": 989.0605574017832,
    "Bay Area - internship - software engineer": 1019.3085384941753,
    "Los Angeles - job - software engineer": 970.0307992923549,
    "New York City - job - DS/MLE/DE": 1070.7740924958464,
    "Los Angeles - job - ee/meche/bioe": 957.6894880300498,
    "Orange County - job - software engineer": 999.8790330893706,
    "Los Angeles - job - DS/MLE/DE": 1023.5173438541271,
    "Seattle - internship - DS/MLE/DE": 1103.2153764115637,
    "Seattle - job - DS/MLE/DE": 1126.2216679048865,
    "Seattle - internship - data analyst": 1030.4972950599517,
    "New York City - job - software engineer": 1003.4932912138621,
    "San Diego County - internship - data analyst": 1008.2853370908757,
    "San Diego County - job - DS/MLE/DE": 1063.1883667900438,
    "Bay Area - job - software engineer": 1000.5000298348644,
    "Seattle - internship - ee/meche/bioe": 1006.4698464541083,
    "New York City - internship - data analyst": 1075.2821139141893,
    "Los Angeles - internship - ee/meche/bioe": 882.1371576473455,
    "Orange County - internship - software engineer": 1065.7366311120907,
    "Orange County - job - service": 894.8470240673314,
    "Orange County - job - ee/meche/bioe": 946.3390547334357,
    "New York City - job - ee/meche/bioe": 969.3231781034057,
    "Los Angeles - internship - data analyst": 916.424371634536
}