{
    "Bay Area - job - DS/MLE/DE": 1108.8148148536711,
    "Seattle - internship - software engineer": 1107.4695846620707,
    "San Diego County - internship - ee/meche/bioe": 938.1222903212857,
    "San Diego County - job - data analyst": 970.8636345883201,
    "Bay Area - job - ee/meche/bioe": 927.8609977407843,
    "Orange County - internship - data analyst": 973.2498885393986,
    "Seattle - job - service": 934.5891381209291,
    "Bay Area - internship - data analyst": 1019.537693455116,
    "Orange County - job - data analyst": 1019.3375513633455,
    "Orange County - internship - ee/meche/bioe": 961.4775312940889,
    "Seattle - job - software engineer": 1108.994133774845,
    "San Diego County - internship - DS/MLE/DE": 1021.3501951317146,
    "Orange County - job - DS/MLE/DE": 1067.58950002479,
    "Los Angeles - internship - software engineer": 961.8953890258875,
    "New York City - job - service": 893.0247071177419,
    "Los Angeles - job - service": 869.7430534285824,
    "Orange County - internship - DS/MLE/DE": 1058.4670644488074,
    "Bay Area - job - data analyst": 960.6635678915609,
    "New York City - internship - DS/MLE/DE": 1068.7082724931681,
    "New York City - internship - software engineer": 1042.755756774961,
    "Los Angeles - job - data analyst": 971.3365289516294,
    "San Diego County - job - service": 952.7704990429999,
    "Bay Area - internship - DS/MLE/DE": 1036.951205461856,
    "San Diego County - job - ee/meche/bioe": 897.0375428611617,
    "Seattle - job - ee/meche/bioe": 980.5639499876595,
    "Bay Area - job - service": 778.1487553763654,
    "San Diego County - job - software engineer": 994.4454211991382,
    "Bay Area - internship - ee/meche/bioe": 950.7824923061332,
    "Los Angeles - internship - DS/MLE/DE": 1042.1333020363084,
    "New York City - internship - ee/meche/bioe": 971.25706116102,
    "Seattle - job - data analyst": 1056.1904624174597,
    "New York City - job - data analyst": 965.2965172076404,
    "San Diego County - internship - software engineer": 1005.0696973311956,
    "Bay Area - internship - software engineer": 1004.0015301964846,
    "Los Angeles - job - software engineer": 985.8415980473575,
    "New York City - job - DS/MLE/DE": 1055.138273018064,
    "Los Angeles - job - ee/meche/bioe": 909.6159068607799,
    "Orange County - job - software engineer": 1032.4417380949285,
    "Los Angeles - job - DS/MLE/DE": 1039.4806990747347,
    "Seattle - internship - DS/MLE/DE": 1119.1870892003828,
    "Seattle - job - DS/MLE/DE": 1169.998467261544,
    "Seattle - internship - data analyst": 1046.4175886795051,
    "New York City - job - software engineer": 1019.4572138999665,
    "San Diego County - internship - data analyst": 1024.495359838133,
    "San Diego County - job - DS/MLE/DE": 1031.1946463440174,
    "Bay Area - job - software engineer": 1031.9840149698202,
    "Seattle - internship - ee/meche/bioe": 1022.5648564508946,
    "New York City - internship - data analyst": 1093.0723007356617,
    "Los Angeles - internship - ee/meche/bioe": 944.8740966429276,
    "Orange County - internship - software engineer": 1065.2904133388834,
    "Orange County - job - service": 908.286951289655,
    "Orange County - job - ee/meche/bioe": 946.535113239136,
    "New York City - job - ee/meche/bioe": 953.0975237717353,
    "Los Angeles - internship - data analyst": 980.5264186537526
}