{
    "Bay Area - job - DS/MLE/DE": 1045.2566880834784,
    "Seattle - internship - software engineer": 1089.8474662566616,
    "San Diego County - internship - ee/meche/bioe": 954.345738518188,
    "San Diego County - job - data analyst": 970.7651697100298,
    "Bay Area - job - ee/meche/bioe": 944.0373446138192,
    "Orange County - internship - data analyst": 1020.9163848121647,
    "Seattle - job - service": 918.3626584020989,
    "Bay Area - internship - data analyst": 971.3683275342387,
    "Orange County - job - data analyst": 1003.4733860919345,
    "Orange County - internship - ee/meche/bioe": 961.5223643217596,
    "Seattle - job - software engineer": 1045.2875862470812,
    "San Diego County - internship - DS/MLE/DE": 1053.063752916224,
    "Orange County - job - DS/MLE/DE": 1083.405591770061,
    "Los Angeles - internship - software engineer": 962.0585294230405,
    "New York City - job - service": 948.419778867146,
    "Los Angeles - job - service": 968.6868551923069,
    "Orange County - internship - DS/MLE/DE": 1042.3614590537507,
    "Bay Area - job - data analyst": 1072.1598537307254,
    "New York City - internship - DS/MLE/DE": 1068.7082724931681,
    "New York City - internship - software engineer": 1042.7239397090455,
    "Los Angeles - job - data analyst": 955.3274361374728,
    "San Diego County - job - service": 952.7027198241683,
    "Bay Area - internship - DS/MLE/DE": 1004.8296961369297,
    "San Diego County - job - ee/meche/bioe": 928.8194244919398,
    "Seattle - job - ee/meche/bioe": 1044.7413223192332,
    "Bay Area - job - service": 891.6550390577137,
    "San Diego County - job - software engineer": 1010.734210087894,
    "Bay Area - internship - ee/meche/bioe": 998.302259264299,
    "Los Angeles - internship - DS/MLE/DE": 1026.5403692757318,
    "New York City - internship - ee/meche/bioe": 987.2615856780465,
    "Seattle - job - data analyst": 1055.8956515494126,
    "New York City - job - data analyst": 965.6190186076068,
    "San Diego County - internship - software engineer": 989.0605574017832,
    "Bay Area - internship - software engineer": 1019.3085384941753,
    "Los Angeles - job - software engineer": 970.0307992923549,
    "New York City - job - DS/MLE/DE": 1070.7740924958464,
    "Los Angeles - job - ee/meche/bioe": 941.529866457845,
    "Orange County - job - software engineer": 999.8790330893706,
    "Los Angeles - job - DS/MLE/DE": 1055.616728643197,
    "Seattle - internship - DS/MLE/DE": 1071.3759427357147,
    "Seattle - job - DS/MLE/DE": 1126.2216679048865,
    "Seattle - internship - data analyst": 1014.6789492040058,
    "New York City - job - software engineer": 987.5044767597174,
    "San Diego County - internship - data analyst": 992.1583516079942,
    "San Diego County - job - DS/MLE/DE": 1063.1883667900438,
    "Bay Area - job - software engineer": 1000.5000298348644,
    "Seattle - internship - ee/meche/bioe": 1006.4698464541083,
    "New York City - internship - data analyst": 1091.3513708474843,
    "Los Angeles - internship - ee/meche/bioe": 898.0211443657885,
    "Orange County - internship - software engineer": 1065.7366311120907,
    "Orange County - job - service": 878.9817207195099,
    "Orange County - job - ee/meche/bioe": 914.3117498786748,
    "New York City - job - ee/meche/bioe": 953.559870817081,
    "Los Angeles - internship - data analyst": 900.540384916093
}